ProductID,ProductName,Category,SubCategory,Brand,UnitPrice,CostPrice,ProductLaunchDate,ProductStatus,Weight,Dimensions,SupplierID
P0000,Bajaj TV 0,Electronics,TV,Bajaj,21666.08,18598.69,21-02-2024,Discontinued,0.92,20x13x8 cm,S013
P0001,Apple Shoes 1,Fashion,Shoes,Apple,18663.66,11892.65,07-11-2022,Active,5.24,17x15x2 cm,S024
P0002,Tata Shoes 2,Fashion,Shoes,Tata,25085.8,15432.22,20-05-2025,Discontinued,1.64,18x11x8 cm,S007
P0003,Bajaj Shoes 3,Fashion,Shoes,Bajaj,32064.42,25110.05,06-08-2022,Active,6.39,14x6x8 cm,S006
P0004,Nike Jackets 4,Fashion,Jackets,Nike,42248.58,29775.17,21-03-2024,Discontinued,1.42,19x15x9 cm,S018
P0005,Tata Lighting 5,Home,Lighting,Tata,14694.15,11699.34,04-04-2023,Discontinued,6.03,5x5x3 cm,S034
P0006,Tata Smartphones 6,Electronics,Smartphones,Tata,46332.84,40187.63,29-12-2023,Active,1.28,10x6x3 cm,S050
P0007,Tata Laptops 7,Electronics,Laptops,Tata,34680.17,21219.69,13-01-2025,Active,5.59,8x9x7 cm,S016
P0008,Nike Kitchenware 8,Home,Kitchenware,Nike,37505.85,28999.32,04-12-2023,Active,8.44,14x18x9 cm,S011
P0009,Bajaj Watches 9,Fashion,Watches,Bajaj,39252.15,27990.71,08-10-2023,Discontinued,7.69,11x15x6 cm,S039
P0010,Apple Watches 10,Fashion,Watches,Apple,2481.53,1516.15,07-09-2022,Active,9.89,5x8x1 cm,S046
P0011,Tata Jackets 11,Fashion,Jackets,Tata,30521.48,25335.35,02-09-2022,Active,6.44,16x16x3 cm,S028
P0012,Nike Jackets 12,Fashion,Jackets,Nike,40286.58,35025.94,05-03-2025,Discontinued,9.02,9x19x9 cm,S026
P0013,Adidas Furniture 13,Home,Furniture,Adidas,46312.63,33486.11,24-10-2022,Discontinued,9.41,8x18x10 cm,S018
P0014,Adidas Shoes 14,Fashion,Shoes,Adidas,13342.69,8933.47,06-11-2022,Discontinued,6.59,9x18x1 cm,S035
P0015,Sony Shoes 15,Fashion,Shoes,Sony,16568.18,11063.05,30-03-2023,Active,6.84,5x7x1 cm,S030
P0016,Sony Lighting 16,Home,Lighting,Sony,41429.17,27378.56,30-01-2024,Active,8.95,8x14x9 cm,S012
P0017,Bajaj Watches 17,Fashion,Watches,Bajaj,30393.73,20625.23,03-11-2024,Discontinued,0.87,11x10x3 cm,S012
P0018,Bajaj Watches 18,Fashion,Watches,Bajaj,24984,19062,25-02-2023,Discontinued,7.19,9x17x8 cm,S048
P0019,Samsung Smartphones 19,Electronics,Smartphones,Samsung,49720.92,33920.67,05-06-2025,Discontinued,2.38,8x14x7 cm,S013
P0020,Bajaj Smartphones 20,Electronics,Smartphones,Bajaj,31037.04,24153.85,07-07-2024,Discontinued,4.62,9x9x9 cm,S048
P0021,Apple Lighting 21,Home,Lighting,Apple,33993.99,27743.11,01-02-2024,Active,7.12,6x20x6 cm,S003
P0022,Sony Laptops 22,Electronics,Laptops,Sony,36297.09,31583.95,09-08-2022,Active,7.58,8x20x9 cm,S029
P0023,Tata Lighting 23,Home,Lighting,Tata,6241.25,5031.47,10-06-2025,Active,5.72,10x5x2 cm,S029
P0024,Apple Laptops 24,Electronics,Laptops,Apple,21439.53,14529.4,09-05-2023,Active,7.07,15x8x2 cm,S023
P0025,Tata TV 25,Electronics,TV,Tata,10010.81,7444.64,28-03-2024,Active,3.27,10x11x3 cm,S050
P0026,Apple Laptops 26,Electronics,Laptops,Apple,43879.27,32325.61,22-04-2024,Active,7.08,14x19x1 cm,S037
P0027,Bajaj Furniture 27,Home,Furniture,Bajaj,3056.37,2382.35,16-05-2024,Active,4.9,16x20x2 cm,S005
P0028,Sony Laptops 28,Electronics,Laptops,Sony,28748.81,19572.33,04-10-2023,Discontinued,9.84,14x10x10 cm,S026
P0029,Adidas Kitchenware 29,Home,Kitchenware,Adidas,5001.51,3972.76,24-12-2024,Active,3.62,12x7x7 cm,S008
P0030,Bajaj TV 30,Electronics,TV,Bajaj,8793.69,6014.41,02-11-2024,Discontinued,9.27,11x7x5 cm,S015
P0031,Adidas Shoes 31,Fashion,Shoes,Adidas,35381.43,26899.66,01-04-2024,Active,1.32,14x15x4 cm,S045
P0032,Tata Laptops 32,Electronics,Laptops,Tata,35739.68,27618.76,06-05-2025,Active,9.11,10x14x2 cm,S032
P0033,Samsung Smartphones 33,Electronics,Smartphones,Samsung,28675.87,23316.48,12-02-2023,Discontinued,7.52,12x10x4 cm,S018
P0034,Apple Kitchenware 34,Home,Kitchenware,Apple,45835.53,33146.92,19-12-2024,Discontinued,6.1,10x13x9 cm,S045
P0035,Boat TV 35,Electronics,TV,Boat,18734.03,13153.66,08-02-2023,Discontinued,2.39,18x18x8 cm,S020
P0036,Nike TV 36,Electronics,TV,Nike,15381.11,10765.2,28-10-2023,Active,1.93,14x5x7 cm,S042
P0037,Sony TV 37,Electronics,TV,Sony,39480.92,34976.28,15-02-2025,Discontinued,1.91,7x6x10 cm,S012
P0038,Apple Lighting 38,Home,Lighting,Apple,38913.55,33000.59,04-05-2025,Active,8.45,9x18x6 cm,S042
P0039,Samsung Kitchenware 39,Home,Kitchenware,Samsung,43630.27,31990.59,04-03-2024,Discontinued,6.35,11x9x8 cm,S020
P0040,Sony Smartphones 40,Electronics,Smartphones,Sony,43022.74,35259.55,06-02-2023,Active,6.89,7x10x3 cm,S043
P0041,Tata Jackets 41,Fashion,Jackets,Tata,8367.35,6406.71,21-06-2023,Active,8.08,5x19x7 cm,S043
P0042,Samsung Watches 42,Fashion,Watches,Samsung,43159.82,35494.41,30-01-2024,Discontinued,6.66,16x15x9 cm,S016
P0043,Samsung Furniture 43,Home,Furniture,Samsung,40956.36,35808.43,17-02-2025,Active,8.09,6x8x7 cm,S019
P0044,Samsung Lighting 44,Home,Lighting,Samsung,45017.62,31981.9,19-04-2023,Active,5.38,15x10x5 cm,S007
P0045,Bajaj TV 45,Electronics,TV,Bajaj,17895.11,15124.62,23-01-2024,Active,5.57,5x17x8 cm,S039
P0046,Apple Furniture 46,Home,Furniture,Apple,17592.87,11846.1,09-03-2024,Discontinued,7.15,7x20x7 cm,S045
P0047,Nike Watches 47,Fashion,Watches,Nike,47989.4,40164.43,16-01-2024,Discontinued,9.42,19x14x8 cm,S042
P0048,Bajaj TV 48,Electronics,TV,Bajaj,14527.8,11510.61,21-04-2024,Discontinued,6.66,17x19x5 cm,S026
P0049,Boat Shoes 49,Fashion,Shoes,Boat,38456.3,32640.21,17-12-2022,Active,9.11,8x18x2 cm,S042
P0050,Sony Laptops 50,Electronics,Laptops,Sony,37885.35,32006.42,14-07-2022,Discontinued,3.21,7x10x4 cm,S049
P0051,Adidas Shoes 51,Fashion,Shoes,Adidas,25005.46,18657.18,15-06-2025,Active,3.67,18x20x2 cm,S041
P0052,Apple Smartphones 52,Electronics,Smartphones,Apple,25966.09,17212.79,22-02-2024,Active,9.39,16x10x2 cm,S024
P0053,Boat Shoes 53,Fashion,Shoes,Boat,13244.47,10337.78,29-04-2025,Discontinued,8.53,5x5x10 cm,S032
P0054,Samsung Kitchenware 54,Home,Kitchenware,Samsung,46719.94,36540.97,22-08-2022,Active,3.36,13x17x3 cm,S017
P0055,Adidas Shoes 55,Fashion,Shoes,Adidas,45417.63,33172.6,27-10-2023,Discontinued,3.75,20x15x1 cm,S007
P0056,Adidas Lighting 56,Home,Lighting,Adidas,9857.88,6034.08,05-04-2024,Discontinued,7.82,18x18x8 cm,S008
P0057,Sony TV 57,Electronics,TV,Sony,23048.26,18113.42,08-07-2024,Active,10,16x13x9 cm,S025
P0058,Samsung Furniture 58,Home,Furniture,Samsung,37513.99,28035.13,20-04-2025,Active,2.53,10x12x3 cm,S020
P0059,Samsung Smartphones 59,Electronics,Smartphones,Samsung,26120.44,18512.03,23-06-2024,Active,6.44,7x14x3 cm,S030
P0060,Boat Laptops 60,Electronics,Laptops,Boat,48769.62,39394.64,10-11-2024,Active,7.58,12x13x6 cm,S049
P0061,Samsung Lighting 61,Home,Lighting,Samsung,43839.4,33990.82,20-11-2022,Discontinued,4.92,17x13x7 cm,S018
P0062,Apple Watches 62,Fashion,Watches,Apple,22724.82,19246.92,08-06-2025,Active,4.93,19x12x7 cm,S005
P0063,Boat Shoes 63,Fashion,Shoes,Boat,5984.1,4513.42,23-09-2023,Active,7.65,15x19x1 cm,S040
P0064,Nike Shoes 64,Fashion,Shoes,Nike,4892.53,3995.86,12-01-2025,Active,1.31,11x20x5 cm,S019
P0065,Samsung Kitchenware 65,Home,Kitchenware,Samsung,1564.43,1007.79,02-06-2023,Discontinued,9.21,12x14x9 cm,S050
P0066,Bajaj TV 66,Electronics,TV,Bajaj,23781.46,15314.97,22-02-2025,Active,4.98,15x7x6 cm,S022
P0067,Boat Jackets 67,Fashion,Jackets,Boat,48341.32,41965,06-06-2024,Discontinued,5.25,5x16x7 cm,S032
P0068,Nike Smartphones 68,Electronics,Smartphones,Nike,31620.29,26016.18,24-07-2024,Active,6.8,18x13x1 cm,S018
P0069,Nike Shoes 69,Fashion,Shoes,Nike,30954.61,25145,02-07-2023,Active,4.81,13x15x2 cm,S026
P0070,Adidas Furniture 70,Home,Furniture,Adidas,33294.94,21336.41,08-10-2024,Active,2.94,8x20x9 cm,S006
P0071,Adidas Watches 71,Fashion,Watches,Adidas,17067.23,11967.91,08-08-2023,Active,4.95,5x13x1 cm,S050
P0072,Boat Laptops 72,Electronics,Laptops,Boat,12814.62,10231.06,25-03-2024,Discontinued,7.95,13x9x8 cm,S033
P0073,Sony Kitchenware 73,Home,Kitchenware,Sony,30826.23,22861.47,02-09-2023,Discontinued,5.78,12x17x9 cm,S050
P0074,Samsung Jackets 74,Fashion,Jackets,Samsung,25520.11,22353.42,15-09-2022,Active,3.38,10x16x6 cm,S012
P0075,Nike Lighting 75,Home,Lighting,Nike,11331.07,9242.11,10-12-2022,Active,3.51,10x20x1 cm,S033
P0076,Bajaj TV 76,Electronics,TV,Bajaj,8368.48,6415.6,22-03-2024,Discontinued,9.5,8x11x6 cm,S019
P0077,Tata Kitchenware 77,Home,Kitchenware,Tata,32680.23,28032.47,22-03-2023,Discontinued,1.23,15x20x4 cm,S021
P0078,Bajaj Kitchenware 78,Home,Kitchenware,Bajaj,13709.23,10338.65,19-07-2024,Discontinued,7.29,16x12x8 cm,S017
P0079,Boat Lighting 79,Home,Lighting,Boat,33110.99,23461.39,05-04-2023,Discontinued,9.2,19x5x7 cm,S015
P0080,Nike Shoes 80,Fashion,Shoes,Nike,48205.65,42431.76,23-07-2024,Discontinued,6.2,11x7x10 cm,S010
P0081,Tata Jackets 81,Fashion,Jackets,Tata,47545.81,34448.74,10-05-2023,Discontinued,8.53,9x7x2 cm,S018
P0082,Samsung Laptops 82,Electronics,Laptops,Samsung,44848.37,36671.32,15-09-2024,Discontinued,8.73,14x10x2 cm,S023
P0083,Samsung Shoes 83,Fashion,Shoes,Samsung,7572.86,4554.81,24-12-2023,Active,2.96,8x16x8 cm,S039
P0084,Bajaj Laptops 84,Electronics,Laptops,Bajaj,30600.39,19291.44,07-02-2024,Discontinued,1.15,11x7x6 cm,S017
P0085,Nike Lighting 85,Home,Lighting,Nike,12731.77,10282.17,09-11-2024,Discontinued,4.63,5x10x1 cm,S035
P0086,Samsung Smartphones 86,Electronics,Smartphones,Samsung,40344.52,29960.2,10-07-2024,Discontinued,8.52,14x9x7 cm,S023
P0087,Apple TV 87,Electronics,TV,Apple,24829.44,22218.07,15-06-2025,Active,8.63,14x19x6 cm,S012
P0088,Sony Watches 88,Fashion,Watches,Sony,12055.89,7356.62,20-06-2023,Active,3.16,18x14x3 cm,S025
P0089,Bajaj TV 89,Electronics,TV,Bajaj,45821.4,28229.13,07-12-2022,Discontinued,6.04,16x14x6 cm,S029
P0090,Tata TV 90,Electronics,TV,Tata,39436.56,29593.73,27-06-2023,Discontinued,1.7,5x13x1 cm,S019
P0091,Bajaj Furniture 91,Home,Furniture,Bajaj,4468.27,3648.03,06-12-2023,Active,4.92,20x13x8 cm,S024
P0092,Apple TV 92,Electronics,TV,Apple,16240.02,12583.89,15-03-2025,Discontinued,3.42,5x8x4 cm,S007
P0093,Apple Watches 93,Fashion,Watches,Apple,983.26,730.02,27-09-2023,Active,3.31,15x19x5 cm,S043
P0094,Apple Jackets 94,Fashion,Jackets,Apple,40040.05,31229.08,20-05-2025,Active,3.69,18x17x2 cm,S030
P0095,Tata Shoes 95,Fashion,Shoes,Tata,38897.03,30729.98,13-04-2025,Active,9.31,5x10x6 cm,S037
P0096,Tata Jackets 96,Fashion,Jackets,Tata,42636.06,32856.85,09-05-2024,Discontinued,8.78,11x19x10 cm,S032
P0097,Sony Lighting 97,Home,Lighting,Sony,14483.95,12015.93,03-10-2023,Active,9.05,16x13x6 cm,S024
P0098,Sony Watches 98,Fashion,Watches,Sony,32115.57,28512.35,29-09-2022,Active,1.69,9x5x9 cm,S004
P0099,Adidas Shoes 99,Fashion,Shoes,Adidas,37120.54,30398.53,22-04-2024,Active,9.35,19x15x7 cm,S018
P0100,Sony TV 100,Electronics,TV,Sony,1122.74,906.47,01-02-2024,Discontinued,0.9,8x11x2 cm,S035
P0101,Tata Shoes 101,Fashion,Shoes,Tata,12026.18,8559.12,07-05-2024,Discontinued,1.83,12x14x3 cm,S031
P0102,Tata Lighting 102,Home,Lighting,Tata,23349.02,16743.98,06-04-2025,Active,2.02,7x9x9 cm,S044
P0103,Nike Lighting 103,Home,Lighting,Nike,16634.66,12950.49,30-06-2023,Discontinued,4.44,11x18x8 cm,S037
P0104,Nike Kitchenware 104,Home,Kitchenware,Nike,44371.52,35069.11,25-06-2023,Active,9.45,14x12x7 cm,S045
P0105,Bajaj Watches 105,Fashion,Watches,Bajaj,45625.36,37560.94,22-03-2025,Discontinued,4.83,15x14x5 cm,S021
P0106,Tata Furniture 106,Home,Furniture,Tata,23197.35,19480.47,06-12-2022,Active,9.05,18x7x4 cm,S046
P0107,Adidas TV 107,Electronics,TV,Adidas,37678.44,28039.45,03-07-2025,Discontinued,7.41,6x16x2 cm,S022
P0108,Sony Smartphones 108,Electronics,Smartphones,Sony,3783.65,2604.98,30-12-2023,Discontinued,1.51,19x5x1 cm,S035
P0109,Boat Watches 109,Fashion,Watches,Boat,40021.06,34644.08,28-05-2024,Active,1.11,5x7x5 cm,S013
P0110,Adidas Furniture 110,Home,Furniture,Adidas,5724.51,4698.43,17-02-2024,Active,5.57,13x9x9 cm,S031
P0111,Sony Furniture 111,Home,Furniture,Sony,8460.45,5082.01,28-01-2023,Discontinued,5.31,14x11x5 cm,S035
P0112,Nike Shoes 112,Fashion,Shoes,Nike,14786.68,9416.66,15-01-2023,Active,7.6,7x20x4 cm,S031
P0113,Apple Watches 113,Fashion,Watches,Apple,8892.47,5594.6,02-12-2022,Discontinued,6.62,6x19x6 cm,S050
P0114,Bajaj Laptops 114,Electronics,Laptops,Bajaj,16578.24,13449.08,19-05-2025,Active,4.5,13x5x6 cm,S040
P0115,Samsung TV 115,Electronics,TV,Samsung,14387.65,10857.77,14-05-2025,Active,3.44,11x13x4 cm,S034
P0116,Tata Smartphones 116,Electronics,Smartphones,Tata,25831.96,16366.58,21-05-2025,Active,5.09,10x7x7 cm,S048
P0117,Boat Watches 117,Fashion,Watches,Boat,42105.49,32058.81,09-04-2024,Active,4.51,9x8x7 cm,S022
P0118,Nike Kitchenware 118,Home,Kitchenware,Nike,36550.06,31420.6,22-11-2024,Discontinued,4.01,9x19x8 cm,S037
P0119,Bajaj Watches 119,Fashion,Watches,Bajaj,35890.58,25100.15,04-08-2022,Active,2,19x19x3 cm,S049
P0120,Adidas TV 120,Electronics,TV,Adidas,19417.89,12051.44,07-01-2023,Discontinued,4.48,16x10x6 cm,S040
P0121,Bajaj Smartphones 121,Electronics,Smartphones,Bajaj,1784.26,1198.51,13-05-2023,Active,4.87,8x17x3 cm,S001
P0122,Samsung Shoes 122,Fashion,Shoes,Samsung,41729.07,29344.26,21-02-2024,Discontinued,9.46,7x15x10 cm,S035
P0123,Adidas Furniture 123,Home,Furniture,Adidas,6680.04,5229.08,04-10-2023,Active,6.36,20x6x9 cm,S048
P0124,Nike Watches 124,Fashion,Watches,Nike,48358.27,37391.95,29-10-2024,Discontinued,3.57,6x13x7 cm,S010
P0125,Apple Kitchenware 125,Home,Kitchenware,Apple,34875.18,23185.53,17-10-2023,Active,7.51,15x15x9 cm,S026
P0126,Adidas Smartphones 126,Electronics,Smartphones,Adidas,2466.46,1541.63,18-12-2022,Active,6.68,9x20x1 cm,S012
P0127,Nike Kitchenware 127,Home,Kitchenware,Nike,18774.67,11388.94,24-03-2024,Discontinued,4.68,8x7x5 cm,S003
P0128,Boat Smartphones 128,Electronics,Smartphones,Boat,15195.63,12537.92,04-03-2025,Discontinued,9.35,8x9x7 cm,S007
P0129,Samsung Watches 129,Fashion,Watches,Samsung,4909.61,3144.44,18-06-2023,Discontinued,2.76,16x7x2 cm,S001
P0130,Adidas Jackets 130,Fashion,Jackets,Adidas,9895.65,8485.65,02-01-2023,Discontinued,3.22,13x15x8 cm,S010
P0131,Nike TV 131,Electronics,TV,Nike,16999.8,10373.14,20-03-2023,Discontinued,3.22,16x11x8 cm,S010
P0132,Sony Jackets 132,Fashion,Jackets,Sony,538.4,417.72,24-09-2024,Active,7.05,15x13x6 cm,S009
P0133,Tata Laptops 133,Electronics,Laptops,Tata,22162.95,19350.09,23-04-2024,Discontinued,3.94,5x8x5 cm,S035
P0134,Tata Shoes 134,Fashion,Shoes,Tata,36780.23,27852.66,02-12-2024,Active,0.68,12x11x6 cm,S016
P0135,Sony Kitchenware 135,Home,Kitchenware,Sony,31233.21,26043.5,11-03-2025,Active,6.56,8x20x10 cm,S027
P0136,Boat Jackets 136,Fashion,Jackets,Boat,29665.86,26657.19,05-11-2022,Active,0.73,13x7x8 cm,S009
P0137,Boat Shoes 137,Fashion,Shoes,Boat,45785.28,32505.89,13-10-2024,Discontinued,7.9,17x17x2 cm,S023
P0138,Tata Shoes 138,Fashion,Shoes,Tata,9116.79,6178.77,25-04-2024,Discontinued,5.3,16x17x6 cm,S016
P0139,Boat Shoes 139,Fashion,Shoes,Boat,28774.94,21989.51,30-12-2022,Discontinued,9.39,9x8x7 cm,S033
P0140,Boat Watches 140,Fashion,Watches,Boat,30561.01,19626.45,23-07-2024,Discontinued,8.15,8x10x6 cm,S018
P0141,Apple Kitchenware 141,Home,Kitchenware,Apple,11685.94,10110.48,14-03-2024,Active,7.01,10x6x2 cm,S011
P0142,Boat Lighting 142,Home,Lighting,Boat,46914.18,34684.71,02-11-2024,Active,2.58,17x17x1 cm,S018
P0143,Nike Shoes 143,Fashion,Shoes,Nike,15433.87,10686.5,04-10-2024,Active,7.13,7x13x5 cm,S003
P0144,Tata TV 144,Electronics,TV,Tata,43802.56,26387.73,11-05-2023,Active,6.53,5x6x7 cm,S011
P0145,Tata Smartphones 145,Electronics,Smartphones,Tata,49638.6,31815.3,06-06-2025,Discontinued,4.59,20x12x7 cm,S039
P0146,Boat Watches 146,Fashion,Watches,Boat,10386.72,9165.2,01-03-2025,Active,6.66,13x18x8 cm,S046
P0147,Apple Smartphones 147,Electronics,Smartphones,Apple,36808.26,24857.51,19-05-2025,Discontinued,3.32,18x20x1 cm,S010
P0148,Nike TV 148,Electronics,TV,Nike,36982.86,27257.13,17-08-2023,Discontinued,0.9,15x6x9 cm,S049
P0149,Tata Kitchenware 149,Home,Kitchenware,Tata,48819.75,43234.85,18-07-2024,Active,2.64,9x8x10 cm,S045
P0150,Samsung Shoes 150,Fashion,Shoes,Samsung,24729.4,17415.13,05-10-2022,Active,4.35,6x16x8 cm,S008
P0151,Tata Watches 151,Fashion,Watches,Tata,4393.88,2892.32,08-06-2023,Discontinued,6.89,12x6x8 cm,S015
P0152,Sony Furniture 152,Home,Furniture,Sony,1348.8,998.53,29-11-2022,Active,8.6,9x12x3 cm,S014
P0153,Tata Lighting 153,Home,Lighting,Tata,8063.98,6606.02,01-01-2025,Discontinued,3.87,14x7x2 cm,S030
P0154,Apple Laptops 154,Electronics,Laptops,Apple,26652.61,23833.41,21-06-2025,Discontinued,3.56,16x8x3 cm,S049
P0155,Apple Jackets 155,Fashion,Jackets,Apple,14364.65,12869.81,01-06-2024,Discontinued,2.08,5x17x10 cm,S050
P0156,Apple Laptops 156,Electronics,Laptops,Apple,9564.02,7173.73,25-10-2024,Discontinued,9.33,7x14x4 cm,S002
P0157,Tata TV 157,Electronics,TV,Tata,477.57,316.03,30-10-2022,Discontinued,2.05,9x16x6 cm,S013
P0158,Nike Watches 158,Fashion,Watches,Nike,12575.79,10234.61,30-10-2022,Active,5.03,18x16x5 cm,S026
P0159,Samsung Furniture 159,Home,Furniture,Samsung,44620.97,39787.61,15-08-2023,Discontinued,6.48,5x13x10 cm,S016
P0160,Sony Jackets 160,Fashion,Jackets,Sony,43336.85,35339.13,29-10-2022,Discontinued,3.69,13x5x4 cm,S046
P0161,Sony Watches 161,Fashion,Watches,Sony,9067.03,6874.05,28-10-2024,Active,1.26,9x7x2 cm,S010
P0162,Adidas Jackets 162,Fashion,Jackets,Adidas,10503.87,7177.84,25-12-2024,Active,3.45,5x13x1 cm,S003
P0163,Bajaj Kitchenware 163,Home,Kitchenware,Bajaj,13515.47,9438.9,29-03-2025,Discontinued,4.07,19x5x7 cm,S010
P0164,Apple TV 164,Electronics,TV,Apple,30207.38,26238.68,31-12-2024,Active,3.75,9x8x2 cm,S027
P0165,Boat Laptops 165,Electronics,Laptops,Boat,33609.44,20785.46,30-04-2023,Active,4.82,17x11x3 cm,S039
P0166,Adidas Furniture 166,Home,Furniture,Adidas,47950.63,40954.13,21-09-2022,Discontinued,2.22,5x8x6 cm,S050
P0167,Adidas Shoes 167,Fashion,Shoes,Adidas,4990.72,3171.34,07-06-2024,Discontinued,8,13x13x2 cm,S008
P0168,Samsung Shoes 168,Fashion,Shoes,Samsung,31022.6,21546.53,24-01-2023,Active,1.51,11x17x7 cm,S046
P0169,Sony Shoes 169,Fashion,Shoes,Sony,34327.18,23422.73,30-01-2023,Discontinued,2.17,12x14x6 cm,S025
P0170,Nike Kitchenware 170,Home,Kitchenware,Nike,22314.39,19282.06,17-02-2024,Discontinued,4.75,5x8x5 cm,S018
P0171,Nike TV 171,Electronics,TV,Nike,17285.09,10708.63,08-07-2023,Discontinued,5.02,7x20x4 cm,S003
P0172,Nike Shoes 172,Fashion,Shoes,Nike,19192.55,16078.63,19-12-2023,Discontinued,4.91,19x5x2 cm,S031
P0173,Tata Jackets 173,Fashion,Jackets,Tata,20060.65,17908.92,10-09-2022,Discontinued,4.57,16x8x2 cm,S007
P0174,Boat Furniture 174,Home,Furniture,Boat,23844.97,17520.68,16-06-2025,Active,2.99,20x12x7 cm,S031
P0175,Tata Watches 175,Fashion,Watches,Tata,34372.18,24164.93,23-12-2023,Active,3.44,20x17x2 cm,S040
P0176,Nike Laptops 176,Electronics,Laptops,Nike,10636.19,7784.81,16-05-2024,Discontinued,9.57,16x9x6 cm,S007
P0177,Bajaj Kitchenware 177,Home,Kitchenware,Bajaj,15472.38,10591.1,01-02-2025,Active,5.49,9x20x3 cm,S036
P0178,Bajaj Jackets 178,Fashion,Jackets,Bajaj,2888.56,2230.28,10-12-2024,Active,6.28,16x9x10 cm,S010
P0179,Adidas Watches 179,Fashion,Watches,Adidas,20599.47,12989.27,22-04-2023,Active,6.54,19x14x7 cm,S029
P0180,Adidas Lighting 180,Home,Lighting,Adidas,2259.6,1912.26,25-01-2023,Active,4.22,15x12x5 cm,S033
P0181,Tata Watches 181,Fashion,Watches,Tata,30575.69,18999.09,01-08-2024,Discontinued,9.51,16x7x2 cm,S025
P0182,Boat Watches 182,Fashion,Watches,Boat,19873.99,12214.9,01-07-2024,Discontinued,8.7,16x5x8 cm,S036
P0183,Bajaj Kitchenware 183,Home,Kitchenware,Bajaj,29546.4,23047.97,16-10-2023,Discontinued,3.63,17x20x4 cm,S011
P0184,Sony Furniture 184,Home,Furniture,Sony,35071.2,21222.79,13-06-2024,Active,3.98,9x20x10 cm,S031
P0185,Tata Watches 185,Fashion,Watches,Tata,42225.88,32474.63,02-10-2023,Discontinued,3.82,19x19x4 cm,S017
P0186,Sony Laptops 186,Electronics,Laptops,Sony,38017,29696.26,15-10-2024,Discontinued,3.56,9x5x9 cm,S026
P0187,Boat Watches 187,Fashion,Watches,Boat,593.93,520.89,15-08-2022,Discontinued,8.54,19x7x1 cm,S016
P0188,Tata Shoes 188,Fashion,Shoes,Tata,47104.07,30324.84,09-08-2023,Discontinued,7.51,12x20x8 cm,S036
P0189,Nike Furniture 189,Home,Furniture,Nike,24862.04,17450.01,20-05-2024,Active,9.33,18x19x8 cm,S021
P0190,Boat Lighting 190,Home,Lighting,Boat,16304.87,10431.85,14-08-2022,Discontinued,8.9,14x15x1 cm,S044
P0191,Apple Laptops 191,Electronics,Laptops,Apple,2211.5,1327.43,26-10-2023,Active,6.92,16x12x4 cm,S043
P0192,Tata Watches 192,Fashion,Watches,Tata,21661.02,15811.22,30-01-2025,Active,6.95,17x17x2 cm,S014
P0193,Sony Laptops 193,Electronics,Laptops,Sony,42883.5,37063.24,28-03-2023,Discontinued,7.33,12x6x9 cm,S004
P0194,Apple Kitchenware 194,Home,Kitchenware,Apple,1786.48,1381.29,15-06-2023,Discontinued,1.11,20x11x3 cm,S035
P0195,Adidas Jackets 195,Fashion,Jackets,Adidas,47642.97,41162.69,06-04-2023,Active,5.78,6x11x8 cm,S042
P0196,Nike Shoes 196,Fashion,Shoes,Nike,37161.03,29023.77,12-07-2023,Active,4.2,16x11x1 cm,S020
P0197,Boat Smartphones 197,Electronics,Smartphones,Boat,26705.7,23672.46,28-07-2023,Active,2.92,10x20x3 cm,S013
P0198,Sony Lighting 198,Home,Lighting,Sony,39025.54,23613.2,06-07-2024,Discontinued,1.81,7x6x1 cm,S009
P0199,Boat Kitchenware 199,Home,Kitchenware,Boat,28053.96,23704.87,14-07-2022,Active,4.68,12x18x9 cm,S009
P0200,Bajaj Furniture 200,Home,Furniture,Bajaj,17328.18,15309.88,09-12-2022,Discontinued,7.29,14x20x2 cm,S047
P0201,Tata Shoes 201,Fashion,Shoes,Tata,24613.86,19873.11,11-01-2025,Active,0.81,13x5x6 cm,S036
P0202,Boat Jackets 202,Fashion,Jackets,Boat,44087.21,39171.43,16-03-2024,Active,7.65,18x16x4 cm,S024
P0203,Tata Kitchenware 203,Home,Kitchenware,Tata,11653.11,7820.81,25-04-2024,Discontinued,5.27,6x17x6 cm,S025
P0204,Tata Kitchenware 204,Home,Kitchenware,Tata,46197.42,32468.77,18-08-2022,Discontinued,1.77,16x14x4 cm,S012
P0205,Adidas Shoes 205,Fashion,Shoes,Adidas,13744.82,8380.87,09-02-2023,Discontinued,7.56,15x17x3 cm,S046
P0206,Samsung Watches 206,Fashion,Watches,Samsung,22016.02,14028.14,23-04-2024,Active,2.62,13x20x4 cm,S034
P0207,Nike Lighting 207,Home,Lighting,Nike,23062.75,19905.63,17-01-2023,Discontinued,3.3,16x18x2 cm,S012
P0208,Nike Lighting 208,Home,Lighting,Nike,13560.64,12176.88,17-12-2024,Active,4.21,6x12x10 cm,S032
P0209,Boat Lighting 209,Home,Lighting,Boat,43584.44,33590.97,10-05-2023,Discontinued,7.23,15x16x8 cm,S039
P0210,Tata Watches 210,Fashion,Watches,Tata,33385.2,23294.52,19-11-2022,Discontinued,2.21,19x7x8 cm,S041
P0211,Nike Laptops 211,Electronics,Laptops,Nike,37923.59,32380.28,03-11-2022,Active,6.65,5x13x7 cm,S014
P0212,Apple Laptops 212,Electronics,Laptops,Apple,24449.7,21809.65,09-07-2023,Active,1.13,9x7x3 cm,S010
P0213,Bajaj Shoes 213,Fashion,Shoes,Bajaj,39729.54,29843.86,03-08-2024,Discontinued,1.32,7x9x6 cm,S013
P0214,Bajaj Watches 214,Fashion,Watches,Bajaj,36719.08,27405.6,30-03-2025,Active,3.31,13x10x3 cm,S035
P0215,Sony Jackets 215,Fashion,Jackets,Sony,40088.37,29320.29,08-02-2023,Discontinued,1.38,18x9x10 cm,S035
P0216,Nike Laptops 216,Electronics,Laptops,Nike,3995.45,3322.9,29-11-2022,Active,9.96,7x6x3 cm,S036
P0217,Adidas Watches 217,Fashion,Watches,Adidas,42968.74,32064.5,14-10-2022,Discontinued,9.96,20x9x1 cm,S019
P0218,Boat Kitchenware 218,Home,Kitchenware,Boat,17609.61,14459.49,26-08-2022,Active,4.98,12x6x8 cm,S022
P0219,Boat TV 219,Electronics,TV,Boat,31210.5,24567.34,02-12-2023,Active,7.33,8x18x2 cm,S047
P0220,Adidas Smartphones 220,Electronics,Smartphones,Adidas,47745.37,36354.4,12-03-2023,Discontinued,4.74,9x7x5 cm,S033
P0221,Samsung Kitchenware 221,Home,Kitchenware,Samsung,26888.77,18620.88,06-11-2024,Active,9.35,12x5x8 cm,S030
P0222,Tata Shoes 222,Fashion,Shoes,Tata,9592.9,7412.53,29-10-2023,Discontinued,4.22,17x9x9 cm,S004
P0223,Tata Shoes 223,Fashion,Shoes,Tata,24896.67,15136.21,02-03-2024,Active,8.98,14x10x3 cm,S023
P0224,Sony Jackets 224,Fashion,Jackets,Sony,47295.97,36602.75,16-11-2022,Active,9.51,16x19x4 cm,S006
P0225,Nike Kitchenware 225,Home,Kitchenware,Nike,25410.02,15819.55,29-02-2024,Discontinued,8.53,7x12x1 cm,S040
P0226,Adidas Kitchenware 226,Home,Kitchenware,Adidas,33867.11,20443.54,16-04-2025,Discontinued,4.49,20x15x9 cm,S023
P0227,Samsung Furniture 227,Home,Furniture,Samsung,23624.6,20359.7,03-10-2024,Active,2.55,7x14x3 cm,S007
P0228,Adidas Watches 228,Fashion,Watches,Adidas,37863.61,23307.52,09-02-2023,Active,0.66,11x17x1 cm,S018
P0229,Apple Jackets 229,Fashion,Jackets,Apple,19443.53,13721.59,26-03-2025,Discontinued,3.06,17x9x8 cm,S016
P0230,Nike Jackets 230,Fashion,Jackets,Nike,7389.9,5914.4,03-08-2024,Discontinued,3.75,16x11x7 cm,S036
P0231,Boat TV 231,Electronics,TV,Boat,11699.3,10357.08,04-04-2025,Active,6.42,15x14x9 cm,S036
P0232,Apple Watches 232,Fashion,Watches,Apple,6636.12,5829.09,05-10-2022,Active,8.12,15x19x7 cm,S010
P0233,Bajaj Kitchenware 233,Home,Kitchenware,Bajaj,27431.03,20210.52,31-03-2023,Active,0.83,12x6x8 cm,S038
P0234,Boat Lighting 234,Home,Lighting,Boat,33838.96,25640.14,17-11-2024,Active,6.9,13x13x3 cm,S017
P0235,Bajaj Lighting 235,Home,Lighting,Bajaj,18749.33,12209.72,16-11-2024,Active,5.33,16x5x4 cm,S044
P0236,Sony Shoes 236,Fashion,Shoes,Sony,28946.19,25330.14,17-01-2023,Active,6.5,17x9x7 cm,S004
P0237,Boat Furniture 237,Home,Furniture,Boat,37723.39,28948.05,03-07-2024,Discontinued,6.5,9x14x10 cm,S045
P0238,Samsung Laptops 238,Electronics,Laptops,Samsung,34261.99,30592.08,10-05-2023,Discontinued,0.77,10x10x8 cm,S004
P0239,Samsung Jackets 239,Fashion,Jackets,Samsung,14850.08,10284.39,28-04-2024,Discontinued,4.36,8x20x2 cm,S027
P0240,Sony Jackets 240,Fashion,Jackets,Sony,48424.05,41868.77,02-12-2022,Active,5.39,10x14x1 cm,S011
P0241,Adidas Kitchenware 241,Home,Kitchenware,Adidas,13349.76,11487.12,27-05-2024,Active,7.25,20x14x10 cm,S003
P0242,Boat Jackets 242,Fashion,Jackets,Boat,5293.34,4494.47,03-01-2024,Discontinued,5.2,14x18x6 cm,S028
P0243,Bajaj Furniture 243,Home,Furniture,Bajaj,29269.91,24652.09,11-08-2023,Discontinued,6.73,15x15x10 cm,S041
P0244,Sony Shoes 244,Fashion,Shoes,Sony,5184.89,4433.47,28-01-2023,Discontinued,5.31,10x8x6 cm,S047
P0245,Apple TV 245,Electronics,TV,Apple,49459.66,41902.38,25-06-2024,Discontinued,0.57,19x16x10 cm,S031
P0246,Apple Shoes 246,Fashion,Shoes,Apple,17303.69,12534.85,09-01-2025,Active,6.8,14x15x5 cm,S013
P0247,Bajaj Kitchenware 247,Home,Kitchenware,Bajaj,9232.7,6951.17,27-01-2023,Discontinued,7.6,16x8x3 cm,S005
P0248,Tata Laptops 248,Electronics,Laptops,Tata,47358.34,35854.3,30-08-2023,Active,3.07,6x17x7 cm,S036
P0249,Apple Shoes 249,Fashion,Shoes,Apple,48706.04,42600.48,09-11-2024,Discontinued,5.57,9x15x4 cm,S019
P0250,Bajaj Smartphones 250,Electronics,Smartphones,Bajaj,7394.69,5523.54,04-08-2022,Active,7.12,20x7x5 cm,S026
P0251,Sony Furniture 251,Home,Furniture,Sony,49302.27,30098.17,09-07-2023,Active,1.4,11x14x3 cm,S025
P0252,Boat Kitchenware 252,Home,Kitchenware,Boat,41475.22,25336.51,22-10-2023,Active,1.64,11x19x9 cm,S038
P0253,Apple Lighting 253,Home,Lighting,Apple,44129.29,30709.97,12-04-2023,Active,9.07,10x17x10 cm,S036
P0254,Tata TV 254,Electronics,TV,Tata,1554.52,1236.5,05-07-2025,Active,2.84,15x6x1 cm,S029
P0255,Tata Shoes 255,Fashion,Shoes,Tata,3356.98,2586.48,12-02-2024,Discontinued,4.26,5x16x9 cm,S019
P0256,Apple Jackets 256,Fashion,Jackets,Apple,12506.47,9942.09,25-06-2023,Active,5.48,18x10x1 cm,S025
P0257,Nike TV 257,Electronics,TV,Nike,44539.29,31206.76,02-01-2025,Discontinued,6.17,20x18x7 cm,S004
P0258,Adidas Laptops 258,Electronics,Laptops,Adidas,37723.97,31911.87,26-03-2024,Active,0.76,12x5x2 cm,S004
P0259,Sony Shoes 259,Fashion,Shoes,Sony,24271.42,18850.02,02-11-2023,Discontinued,1.64,14x14x8 cm,S020
P0260,Nike Kitchenware 260,Home,Kitchenware,Nike,42168.79,34897.67,10-01-2025,Discontinued,2.85,10x12x6 cm,S023
P0261,Tata Smartphones 261,Electronics,Smartphones,Tata,46057.83,32417.94,12-05-2023,Active,5.27,16x17x8 cm,S040
P0262,Boat Jackets 262,Fashion,Jackets,Boat,49582.76,33624.4,18-11-2023,Discontinued,8.2,15x8x5 cm,S001
P0263,Adidas Laptops 263,Electronics,Laptops,Adidas,30017.82,23011.18,08-11-2024,Discontinued,8.35,6x5x9 cm,S003
P0264,Bajaj Laptops 264,Electronics,Laptops,Bajaj,5834.08,4556.94,30-04-2023,Active,8.53,10x20x7 cm,S016
P0265,Adidas Jackets 265,Fashion,Jackets,Adidas,41899.83,35110.79,28-11-2023,Active,2.88,9x16x10 cm,S045
P0266,Apple TV 266,Electronics,TV,Apple,25836.01,21692.25,04-05-2024,Active,5.88,6x7x6 cm,S026
P0267,Boat Furniture 267,Home,Furniture,Boat,3073.86,2275.08,29-03-2023,Active,2.56,14x16x9 cm,S049
P0268,Sony Watches 268,Fashion,Watches,Sony,6596.98,4789.84,10-01-2024,Discontinued,9.67,18x13x1 cm,S021
P0269,Nike Smartphones 269,Electronics,Smartphones,Nike,22955.64,14425.34,12-04-2024,Discontinued,8.98,15x7x7 cm,S008
P0270,Samsung Furniture 270,Home,Furniture,Samsung,32340.77,25003.58,11-08-2022,Active,4.69,11x15x9 cm,S004
P0271,Boat Laptops 271,Electronics,Laptops,Boat,2241.1,1671.46,06-10-2024,Discontinued,4.14,6x9x7 cm,S040
P0272,Tata Laptops 272,Electronics,Laptops,Tata,38520.3,30027.33,07-02-2024,Active,2.23,6x12x5 cm,S004
P0273,Boat TV 273,Electronics,TV,Boat,38028.14,30619.53,17-02-2023,Active,1.47,8x10x1 cm,S041
P0274,Apple Watches 274,Fashion,Watches,Apple,8852.9,6576.49,22-02-2024,Active,6.42,14x5x5 cm,S046
P0275,Apple Smartphones 275,Electronics,Smartphones,Apple,20046.71,13361.74,21-05-2024,Discontinued,1.13,17x8x9 cm,S005
P0276,Sony Laptops 276,Electronics,Laptops,Sony,46573.97,40184.72,28-08-2024,Active,1.06,14x11x5 cm,S029
P0277,Sony Laptops 277,Electronics,Laptops,Sony,12396.03,8923.94,18-04-2025,Active,8.61,16x14x3 cm,S027
P0278,Adidas Laptops 278,Electronics,Laptops,Adidas,13045.16,7915.22,01-07-2025,Discontinued,6.83,14x8x6 cm,S023
P0279,Boat Watches 279,Fashion,Watches,Boat,43763.39,31756.46,22-02-2023,Discontinued,7.96,9x11x5 cm,S016
P0280,Samsung Furniture 280,Home,Furniture,Samsung,29851.31,24129.36,18-12-2023,Discontinued,9.46,11x14x7 cm,S031
P0281,Boat Furniture 281,Home,Furniture,Boat,15757.42,10239.58,28-06-2024,Discontinued,2.04,10x17x7 cm,S010
P0282,Nike TV 282,Electronics,TV,Nike,14251.81,9813.65,22-06-2024,Discontinued,9.04,9x14x8 cm,S045
P0283,Apple Watches 283,Fashion,Watches,Apple,39875.24,27768.1,06-06-2025,Discontinued,4.7,7x19x7 cm,S009
P0284,Nike TV 284,Electronics,TV,Nike,49766.3,33962.26,15-02-2023,Discontinued,4.02,18x6x8 cm,S020
P0285,Sony Kitchenware 285,Home,Kitchenware,Sony,49884.26,38896.84,09-06-2025,Discontinued,1.39,9x9x6 cm,S037
P0286,Sony Smartphones 286,Electronics,Smartphones,Sony,44303.76,29653.35,20-04-2024,Discontinued,6.26,14x10x4 cm,S025
P0287,Sony Smartphones 287,Electronics,Smartphones,Sony,316.21,223.09,17-11-2023,Discontinued,4.88,9x19x9 cm,S012
P0288,Adidas Smartphones 288,Electronics,Smartphones,Adidas,36779.4,26987.18,06-09-2024,Discontinued,6.19,15x13x7 cm,S039
P0289,Nike Smartphones 289,Electronics,Smartphones,Nike,44811.26,36506.58,02-01-2024,Discontinued,1.8,15x7x3 cm,S004
P0290,Tata Laptops 290,Electronics,Laptops,Tata,7099.54,4387.67,15-01-2025,Active,5.45,7x16x9 cm,S036
P0291,Bajaj Furniture 291,Home,Furniture,Bajaj,8791.18,5999.86,23-07-2023,Discontinued,6.27,18x8x7 cm,S046
P0292,Boat TV 292,Electronics,TV,Boat,12089.07,10629.05,10-09-2024,Discontinued,5.14,8x11x3 cm,S025
P0293,Bajaj Lighting 293,Home,Lighting,Bajaj,32050.33,19458.99,25-01-2024,Active,1.62,5x18x10 cm,S014
P0294,Tata Watches 294,Fashion,Watches,Tata,5168.35,3278.93,02-11-2022,Discontinued,4.73,17x6x5 cm,S003
P0295,Bajaj Jackets 295,Fashion,Jackets,Bajaj,26426.64,18198.34,21-12-2023,Active,5.82,17x11x7 cm,S033
P0296,Bajaj Lighting 296,Home,Lighting,Bajaj,44245.79,29939.63,28-11-2023,Discontinued,7.27,11x6x6 cm,S035
P0297,Sony Smartphones 297,Electronics,Smartphones,Sony,18467.84,16310.2,30-09-2023,Discontinued,9.22,11x14x6 cm,S049
P0298,Tata Jackets 298,Fashion,Jackets,Tata,7099.67,4871.37,11-11-2024,Active,8.66,11x15x4 cm,S032
P0299,Adidas Laptops 299,Electronics,Laptops,Adidas,3087.49,2152.22,14-12-2023,Active,2.51,10x5x9 cm,S048
P0300,Sony Laptops 300,Electronics,Laptops,Sony,11598.06,8501.31,21-01-2023,Discontinued,0.83,16x18x1 cm,S018
P0301,Tata Shoes 301,Fashion,Shoes,Tata,39809.72,31882.27,21-03-2024,Active,6.24,10x15x3 cm,S003
P0302,Adidas Smartphones 302,Electronics,Smartphones,Adidas,28845.58,17613.58,19-03-2023,Discontinued,2.42,12x5x3 cm,S022
P0303,Nike Kitchenware 303,Home,Kitchenware,Nike,35415.54,23543.13,12-11-2024,Active,1.82,7x19x7 cm,S019
P0304,Apple Jackets 304,Fashion,Jackets,Apple,27951.23,17478.25,08-12-2022,Discontinued,9.14,9x12x2 cm,S029
P0305,Samsung Kitchenware 305,Home,Kitchenware,Samsung,41807.44,33126.36,18-12-2022,Discontinued,2.02,12x19x3 cm,S046
P0306,Tata Watches 306,Fashion,Watches,Tata,16250.51,9889.26,30-01-2023,Discontinued,4.93,18x6x2 cm,S031
P0307,Boat Jackets 307,Fashion,Jackets,Boat,18976.96,14666.65,16-11-2023,Discontinued,6.06,11x6x2 cm,S014
P0308,Nike Lighting 308,Home,Lighting,Nike,41226.78,28931.87,05-12-2023,Active,5.7,19x17x1 cm,S049
P0309,Bajaj Kitchenware 309,Home,Kitchenware,Bajaj,22265.89,13367.9,14-07-2023,Active,7.94,9x15x1 cm,S031
P0310,Bajaj Furniture 310,Home,Furniture,Bajaj,328.96,213.49,17-08-2023,Active,7.76,14x9x9 cm,S028
P0311,Bajaj TV 311,Electronics,TV,Bajaj,2676.06,1855,14-06-2025,Discontinued,7.62,19x6x7 cm,S045
P0312,Adidas Jackets 312,Fashion,Jackets,Adidas,42091.51,32915.33,03-07-2025,Active,8.58,5x10x1 cm,S021
P0313,Sony TV 313,Electronics,TV,Sony,23850.38,15240.02,19-08-2023,Active,2.19,15x6x10 cm,S039
P0314,Samsung Shoes 314,Fashion,Shoes,Samsung,49909.33,42498.45,21-11-2023,Discontinued,6.04,16x13x5 cm,S036
P0315,Apple Furniture 315,Home,Furniture,Apple,21609.47,14354.89,12-06-2023,Active,6.23,19x11x8 cm,S005
P0316,Bajaj Jackets 316,Fashion,Jackets,Bajaj,12954.69,10039.65,07-04-2025,Active,7.37,9x15x9 cm,S049
P0317,Nike Smartphones 317,Electronics,Smartphones,Nike,29473.79,20378.51,02-12-2022,Discontinued,1.63,15x8x5 cm,S043
P0318,Samsung Kitchenware 318,Home,Kitchenware,Samsung,5508.33,4172.06,24-08-2023,Discontinued,7.46,8x13x1 cm,S046
P0319,Boat Lighting 319,Home,Lighting,Boat,7024.03,5542.72,07-04-2025,Active,3.75,16x17x8 cm,S041
P0320,Nike Lighting 320,Home,Lighting,Nike,28424.29,21314.78,20-10-2022,Discontinued,7.11,8x12x3 cm,S017
P0321,Bajaj Watches 321,Fashion,Watches,Bajaj,41598,36952.31,11-03-2023,Active,9.03,7x6x6 cm,S034
P0322,Boat Smartphones 322,Electronics,Smartphones,Boat,6945.37,5163.07,15-04-2025,Active,7.78,13x7x10 cm,S043
P0323,Nike Jackets 323,Fashion,Jackets,Nike,22479.37,15315.79,27-08-2024,Active,4.77,9x19x10 cm,S006
P0324,Bajaj Jackets 324,Fashion,Jackets,Bajaj,21850.01,17627.47,09-03-2025,Discontinued,7.54,9x9x8 cm,S008
P0325,Samsung Lighting 325,Home,Lighting,Samsung,42128.44,30597.45,04-06-2024,Active,1.5,14x16x1 cm,S037
P0326,Samsung Lighting 326,Home,Lighting,Samsung,7622.61,5680.87,24-02-2023,Discontinued,5.91,16x9x1 cm,S029
P0327,Samsung Jackets 327,Fashion,Jackets,Samsung,28262.61,23875.89,04-05-2024,Active,7.34,16x18x9 cm,S021
P0328,Adidas Lighting 328,Home,Lighting,Adidas,37672.49,29471.46,18-06-2025,Discontinued,4.04,10x12x6 cm,S038
P0329,Bajaj Kitchenware 329,Home,Kitchenware,Bajaj,31496.64,19358.88,21-07-2022,Active,1.4,13x6x1 cm,S031
P0330,Tata TV 330,Electronics,TV,Tata,4255.3,3764.74,17-12-2022,Discontinued,3.64,11x6x9 cm,S017
P0331,Nike Laptops 331,Electronics,Laptops,Nike,48722.2,43251.63,21-04-2024,Active,4.17,5x9x10 cm,S014
P0332,Sony Watches 332,Fashion,Watches,Sony,39117.29,24906.9,26-11-2023,Active,8.7,19x12x10 cm,S036
P0333,Sony Laptops 333,Electronics,Laptops,Sony,10335.14,7173.72,21-08-2022,Discontinued,6.97,11x20x5 cm,S038
P0334,Sony Shoes 334,Fashion,Shoes,Sony,44566.95,39216.7,16-04-2024,Discontinued,2.66,12x20x9 cm,S015
P0335,Nike Watches 335,Fashion,Watches,Nike,43068.18,34788.01,04-11-2022,Active,3.68,11x13x9 cm,S001
P0336,Samsung Laptops 336,Electronics,Laptops,Samsung,30996.83,23598.95,09-07-2024,Discontinued,2.09,10x7x10 cm,S036
P0337,Sony Shoes 337,Fashion,Shoes,Sony,13198.6,10523.15,26-05-2025,Discontinued,4.49,11x19x3 cm,S039
P0338,Nike Smartphones 338,Electronics,Smartphones,Nike,45351.39,36141.29,30-06-2024,Discontinued,8.87,8x14x2 cm,S002
P0339,Apple Shoes 339,Fashion,Shoes,Apple,20023.77,17627.56,27-01-2024,Discontinued,6.81,7x5x3 cm,S038
P0340,Bajaj Smartphones 340,Electronics,Smartphones,Bajaj,12219.03,9456.01,30-08-2024,Discontinued,1.13,8x15x8 cm,S010
P0341,Apple Furniture 341,Home,Furniture,Apple,36549.67,23113.15,20-01-2023,Active,6.72,17x18x5 cm,S035
P0342,Samsung Watches 342,Fashion,Watches,Samsung,38266.18,24763.37,06-11-2022,Active,9.27,7x9x1 cm,S043
P0343,Sony Jackets 343,Fashion,Jackets,Sony,24190.51,16624.15,14-06-2025,Discontinued,7.74,7x16x4 cm,S009
P0344,Tata Shoes 344,Fashion,Shoes,Tata,43111.65,35324.11,05-02-2024,Discontinued,8.47,12x20x8 cm,S042
P0345,Adidas Lighting 345,Home,Lighting,Adidas,41391,37125.67,27-07-2023,Active,4.46,5x18x6 cm,S026
P0346,Boat Watches 346,Fashion,Watches,Boat,2643.34,2200.55,24-10-2022,Active,6.39,18x20x8 cm,S037
P0347,Boat Jackets 347,Fashion,Jackets,Boat,47515.28,38584.85,17-04-2025,Discontinued,8.41,10x19x2 cm,S010
P0348,Tata Kitchenware 348,Home,Kitchenware,Tata,38375.74,31766.84,02-01-2025,Discontinued,7.23,18x9x6 cm,S045
P0349,Nike Laptops 349,Electronics,Laptops,Nike,3174.39,1941.2,04-07-2023,Active,5.22,15x6x7 cm,S023
P0350,Sony Lighting 350,Home,Lighting,Sony,15469.83,10891.46,09-08-2022,Discontinued,4.78,17x8x8 cm,S006
P0351,Apple Furniture 351,Home,Furniture,Apple,1156.5,773.77,21-07-2024,Active,4.01,12x18x1 cm,S001
P0352,Tata Shoes 352,Fashion,Shoes,Tata,10929.31,6836.59,15-11-2024,Active,7.9,18x5x9 cm,S032
P0353,Sony TV 353,Electronics,TV,Sony,31765.58,24496.5,24-09-2024,Active,3.68,7x5x5 cm,S026
P0354,Tata Watches 354,Fashion,Watches,Tata,30766.99,21282.32,30-07-2022,Discontinued,8.65,11x9x6 cm,S013
P0355,Nike Shoes 355,Fashion,Shoes,Nike,47534.72,36895.76,23-07-2022,Active,6.72,9x19x4 cm,S024
P0356,Apple TV 356,Electronics,TV,Apple,10677.48,9480.11,24-10-2022,Discontinued,4.2,18x18x9 cm,S030
P0357,Tata Furniture 357,Home,Furniture,Tata,24225.32,19243.13,19-09-2024,Discontinued,7.48,6x15x8 cm,S046
P0358,Samsung Laptops 358,Electronics,Laptops,Samsung,47056.91,35683.72,13-08-2024,Discontinued,5.15,17x12x4 cm,S023
P0359,Sony Laptops 359,Electronics,Laptops,Sony,1528.05,1242.31,28-08-2024,Discontinued,3.36,16x8x4 cm,S048
P0360,Bajaj TV 360,Electronics,TV,Bajaj,23500.77,14619.56,22-06-2024,Discontinued,2.36,9x8x10 cm,S048
P0361,Bajaj Furniture 361,Home,Furniture,Bajaj,28352.41,20938.17,25-07-2022,Discontinued,4.42,15x13x3 cm,S030
P0362,Apple TV 362,Electronics,TV,Apple,7498.12,6705.81,01-09-2024,Active,0.95,9x13x3 cm,S036
P0363,Samsung Furniture 363,Home,Furniture,Samsung,43479.45,28171.57,02-03-2023,Discontinued,8.1,5x11x6 cm,S028
P0364,Adidas Furniture 364,Home,Furniture,Adidas,38483.75,25868.18,01-02-2025,Active,3.99,15x5x2 cm,S040
P0365,Tata Smartphones 365,Electronics,Smartphones,Tata,29594.17,20755.62,07-02-2024,Discontinued,2.95,14x11x3 cm,S042
P0366,Nike Furniture 366,Home,Furniture,Nike,45884.49,29465.24,06-06-2025,Discontinued,6.4,19x8x9 cm,S007
P0367,Adidas Kitchenware 367,Home,Kitchenware,Adidas,2995.42,2641.33,03-12-2022,Active,6.06,13x14x2 cm,S034
P0368,Adidas Lighting 368,Home,Lighting,Adidas,25766.32,19802.9,20-07-2023,Discontinued,9.32,7x12x7 cm,S035
P0369,Apple Shoes 369,Fashion,Shoes,Apple,269.49,214.34,09-04-2024,Discontinued,5.78,7x13x4 cm,S044
P0370,Tata Shoes 370,Fashion,Shoes,Tata,7489.89,5506.23,24-03-2023,Discontinued,5.49,17x7x10 cm,S025
P0371,Tata Laptops 371,Electronics,Laptops,Tata,33527.62,29259,04-03-2024,Discontinued,9.85,9x16x2 cm,S028
P0372,Sony Kitchenware 372,Home,Kitchenware,Sony,14373.03,12433.46,04-01-2025,Discontinued,5.78,17x18x10 cm,S038
P0373,Samsung Jackets 373,Fashion,Jackets,Samsung,16936.58,10305.16,05-10-2022,Active,6.02,20x14x10 cm,S042
P0374,Tata Kitchenware 374,Home,Kitchenware,Tata,4714.73,3112.32,29-10-2022,Active,7.64,14x20x1 cm,S041
P0375,Tata Laptops 375,Electronics,Laptops,Tata,46065.77,29008.58,10-12-2022,Discontinued,8.22,6x7x10 cm,S037
P0376,Adidas Smartphones 376,Electronics,Smartphones,Adidas,43669.09,31564.85,02-07-2024,Discontinued,5.59,17x17x6 cm,S049
P0377,Nike Furniture 377,Home,Furniture,Nike,36924.99,26856.88,20-06-2025,Active,7.02,20x17x1 cm,S032
P0378,Boat Smartphones 378,Electronics,Smartphones,Boat,18641.62,16446.86,29-11-2024,Active,9.65,6x18x8 cm,S030
P0379,Samsung Smartphones 379,Electronics,Smartphones,Samsung,46684.77,37894.07,29-08-2022,Active,8.98,7x19x7 cm,S033
P0380,Samsung Shoes 380,Fashion,Shoes,Samsung,43425.9,38580.96,11-08-2024,Active,6.06,20x7x6 cm,S035
P0381,Samsung Jackets 381,Fashion,Jackets,Samsung,42653.53,25933.27,11-09-2024,Discontinued,4.76,6x12x5 cm,S002
P0382,Nike Shoes 382,Fashion,Shoes,Nike,4827.25,3962.31,26-06-2024,Discontinued,6.15,16x8x2 cm,S004
P0383,Boat Kitchenware 383,Home,Kitchenware,Boat,8320.06,5844.44,09-08-2023,Discontinued,7.11,15x6x6 cm,S027
P0384,Samsung Jackets 384,Fashion,Jackets,Samsung,25499.51,15332.91,28-08-2024,Discontinued,3.74,14x16x2 cm,S043
P0385,Apple Furniture 385,Home,Furniture,Apple,1147.56,824.74,15-08-2023,Active,6.71,16x10x3 cm,S014
P0386,Apple TV 386,Electronics,TV,Apple,48870.53,29809.71,30-12-2023,Discontinued,6.97,12x9x1 cm,S025
P0387,Tata Lighting 387,Home,Lighting,Tata,15642.68,10626.69,11-11-2023,Active,7.51,18x15x6 cm,S047
P0388,Apple Watches 388,Fashion,Watches,Apple,27986.19,22559.48,19-03-2024,Active,7.6,7x5x10 cm,S038
P0389,Sony Lighting 389,Home,Lighting,Sony,38434.85,23150.23,08-10-2024,Active,6.54,17x12x3 cm,S016
P0390,Samsung Jackets 390,Fashion,Jackets,Samsung,18943.88,14619.98,26-02-2024,Discontinued,1.26,19x6x9 cm,S035
P0391,Apple Kitchenware 391,Home,Kitchenware,Apple,6736.38,4637.41,02-08-2022,Discontinued,8.2,12x19x6 cm,S001
P0392,Sony Furniture 392,Home,Furniture,Sony,21682.57,17843.98,01-02-2024,Active,7.83,17x8x1 cm,S033
P0393,Samsung Shoes 393,Fashion,Shoes,Samsung,21318.57,14472.47,06-10-2022,Active,2.1,7x17x9 cm,S026
P0394,Apple Smartphones 394,Electronics,Smartphones,Apple,47932.94,41630,13-12-2024,Active,2.56,15x11x7 cm,S003
P0395,Samsung Laptops 395,Electronics,Laptops,Samsung,975.18,779.64,06-04-2025,Active,0.81,20x13x6 cm,S027
P0396,Sony Kitchenware 396,Home,Kitchenware,Sony,16075.6,11992.03,09-04-2024,Active,0.65,16x18x4 cm,S042
P0397,Boat Watches 397,Fashion,Watches,Boat,966.22,796.14,13-01-2024,Active,8.23,15x15x7 cm,S018
P0398,Boat Smartphones 398,Electronics,Smartphones,Boat,44511.83,37648.41,14-04-2024,Active,7.6,5x7x9 cm,S047
P0399,Tata Laptops 399,Electronics,Laptops,Tata,23853.57,18860.1,01-03-2023,Discontinued,1.79,16x5x6 cm,S043
P0400,Adidas Jackets 400,Fashion,Jackets,Adidas,24862.59,17804.95,08-02-2024,Active,4.48,16x15x7 cm,S030
P0401,Samsung Furniture 401,Home,Furniture,Samsung,8743.39,5343.87,27-08-2024,Discontinued,0.84,20x11x6 cm,S043
P0402,Samsung Jackets 402,Fashion,Jackets,Samsung,45696.91,39169.3,17-01-2025,Discontinued,4.73,19x16x9 cm,S028
P0403,Boat Kitchenware 403,Home,Kitchenware,Boat,42721.82,37464.35,12-11-2023,Active,9.75,9x15x5 cm,S021
P0404,Adidas Jackets 404,Fashion,Jackets,Adidas,36993.83,30528.05,19-09-2024,Active,6.11,20x18x3 cm,S020
P0405,Adidas Smartphones 405,Electronics,Smartphones,Adidas,8854.96,5994.86,04-06-2023,Discontinued,9.67,13x19x3 cm,S046
P0406,Nike Jackets 406,Fashion,Jackets,Nike,8750.29,7873.26,14-05-2023,Discontinued,6.92,9x8x3 cm,S032
P0407,Boat Furniture 407,Home,Furniture,Boat,21534.86,18188.08,13-04-2025,Discontinued,4.69,15x16x9 cm,S022
P0408,Samsung Kitchenware 408,Home,Kitchenware,Samsung,46256.84,38930.61,15-12-2023,Discontinued,4.72,18x11x7 cm,S036
P0409,Tata Laptops 409,Electronics,Laptops,Tata,31700.41,22078.56,24-04-2024,Active,0.99,10x18x3 cm,S001
P0410,Samsung Laptops 410,Electronics,Laptops,Samsung,19077.62,13518.72,08-07-2024,Discontinued,8.72,17x16x10 cm,S020
P0411,Nike Jackets 411,Fashion,Jackets,Nike,838.02,647.19,19-04-2024,Active,1.5,16x17x1 cm,S036
P0412,Tata Watches 412,Fashion,Watches,Tata,11393.44,7913.92,29-11-2022,Active,9.16,18x7x2 cm,S021
P0413,Boat Jackets 413,Fashion,Jackets,Boat,975.65,811.83,08-09-2023,Active,4.45,13x18x3 cm,S033
P0414,Bajaj Jackets 414,Fashion,Jackets,Bajaj,6382.14,4764.85,28-11-2022,Discontinued,5.78,17x15x5 cm,S037
P0415,Tata Laptops 415,Electronics,Laptops,Tata,29842.29,23168.42,22-03-2025,Active,6.59,8x8x10 cm,S009
P0416,Tata Lighting 416,Home,Lighting,Tata,8087.28,6875.27,10-08-2023,Active,7.81,20x17x3 cm,S012
P0417,Apple Jackets 417,Fashion,Jackets,Apple,48822.23,37026.85,13-03-2025,Discontinued,4.27,13x20x1 cm,S041
P0418,Samsung Laptops 418,Electronics,Laptops,Samsung,25461.66,19114.12,19-12-2023,Active,5.59,8x18x5 cm,S029
P0419,Sony Kitchenware 419,Home,Kitchenware,Sony,40906.1,24668.6,06-05-2023,Discontinued,1.56,5x8x4 cm,S012
P0420,Bajaj TV 420,Electronics,TV,Bajaj,27360.58,17512.03,15-02-2023,Discontinued,7.23,12x6x5 cm,S044
P0421,Samsung Watches 421,Fashion,Watches,Samsung,42813.05,33327.44,13-05-2025,Active,3.46,20x16x4 cm,S038
P0422,Bajaj Laptops 422,Electronics,Laptops,Bajaj,20583.83,17767.17,14-02-2025,Discontinued,9.17,18x12x9 cm,S009
P0423,Tata Kitchenware 423,Home,Kitchenware,Tata,23152.9,20328.46,02-12-2022,Discontinued,6.92,7x19x5 cm,S035
P0424,Samsung Furniture 424,Home,Furniture,Samsung,25306.54,22494.93,27-03-2023,Discontinued,0.87,19x16x6 cm,S022
P0425,Samsung Smartphones 425,Electronics,Smartphones,Samsung,47107.3,39076.72,01-02-2024,Discontinued,7.42,7x19x8 cm,S001
P0426,Apple Smartphones 426,Electronics,Smartphones,Apple,40788,26393.87,03-06-2025,Active,5.03,6x12x2 cm,S050
P0427,Boat Kitchenware 427,Home,Kitchenware,Boat,29589.42,18693.37,29-12-2024,Discontinued,4.08,19x9x7 cm,S002
P0428,Nike Watches 428,Fashion,Watches,Nike,37429.21,25972.39,29-01-2025,Discontinued,5.11,17x19x2 cm,S017
P0429,Boat Watches 429,Fashion,Watches,Boat,21576.39,18074.46,08-08-2022,Discontinued,9.65,7x5x8 cm,S022
P0430,Nike Lighting 430,Home,Lighting,Nike,30873.62,26458.89,11-10-2023,Discontinued,3.26,16x9x8 cm,S041
P0431,Adidas Laptops 431,Electronics,Laptops,Adidas,36279.97,30543.87,07-04-2024,Discontinued,2.88,20x10x10 cm,S048
P0432,Tata Furniture 432,Home,Furniture,Tata,7484.62,6422.5,23-10-2023,Active,0.99,20x14x8 cm,S047
P0433,Tata Lighting 433,Home,Lighting,Tata,13303.46,11032.99,30-07-2023,Active,2.83,11x17x6 cm,S045
P0434,Bajaj Lighting 434,Home,Lighting,Bajaj,19700.55,12651.16,06-07-2025,Active,5.14,20x11x7 cm,S023
P0435,Boat TV 435,Electronics,TV,Boat,48138.03,33460.52,09-05-2023,Active,9.05,13x7x7 cm,S029
P0436,Adidas Lighting 436,Home,Lighting,Adidas,1559.8,1170.12,11-02-2024,Discontinued,7.79,9x14x8 cm,S046
P0437,Apple Furniture 437,Home,Furniture,Apple,39082.82,31131.11,28-02-2023,Discontinued,1.91,6x20x10 cm,S044
P0438,Sony Shoes 438,Fashion,Shoes,Sony,4875.93,4025.56,11-09-2024,Active,8.75,12x14x3 cm,S012
P0439,Tata Shoes 439,Fashion,Shoes,Tata,40519.74,29680.8,31-12-2022,Discontinued,7.5,19x8x6 cm,S034
P0440,Nike Kitchenware 440,Home,Kitchenware,Nike,38301.25,31888.75,18-04-2024,Discontinued,9.51,20x19x5 cm,S034
P0441,Bajaj Furniture 441,Home,Furniture,Bajaj,29985.95,21957.68,12-08-2023,Active,9.92,18x11x9 cm,S008
P0442,Boat Jackets 442,Fashion,Jackets,Boat,28152.85,24207.54,29-07-2022,Active,4.92,13x20x4 cm,S037
P0443,Bajaj Jackets 443,Fashion,Jackets,Bajaj,10195.51,9001.21,01-04-2023,Discontinued,8.66,19x16x9 cm,S049
P0444,Sony Shoes 444,Fashion,Shoes,Sony,5502.95,3495.33,21-07-2024,Discontinued,1.95,17x16x6 cm,S014
P0445,Bajaj Shoes 445,Fashion,Shoes,Bajaj,9986.19,8454.63,13-09-2023,Active,8.34,11x6x10 cm,S003
P0446,Tata Kitchenware 446,Home,Kitchenware,Tata,10756.67,7321.17,19-03-2025,Active,1.84,8x18x1 cm,S036
P0447,Samsung Kitchenware 447,Home,Kitchenware,Samsung,4979.7,3783.73,16-08-2024,Active,1.37,9x7x5 cm,S018
P0448,Samsung Lighting 448,Home,Lighting,Samsung,15066.26,12693.39,21-04-2023,Active,6.32,13x18x10 cm,S016
P0449,Sony Jackets 449,Fashion,Jackets,Sony,21378.98,17754.58,13-03-2024,Discontinued,3.3,19x18x5 cm,S011
P0450,Samsung Laptops 450,Electronics,Laptops,Samsung,24659.4,15403.15,09-07-2022,Active,7.23,5x14x1 cm,S017
P0451,Bajaj Laptops 451,Electronics,Laptops,Bajaj,8480.93,6638.6,24-05-2024,Active,3.15,10x9x3 cm,S003
P0452,Tata Lighting 452,Home,Lighting,Tata,44758.61,36921.69,19-03-2025,Active,1.11,12x7x4 cm,S016
P0453,Adidas Smartphones 453,Electronics,Smartphones,Adidas,44337.56,28329.82,08-03-2025,Discontinued,7.9,12x20x10 cm,S012
P0454,Samsung Lighting 454,Home,Lighting,Samsung,10887.18,7426.76,24-01-2023,Active,0.55,20x15x6 cm,S041
P0455,Tata Jackets 455,Fashion,Jackets,Tata,46834.48,38744.18,13-08-2023,Discontinued,2.03,7x13x2 cm,S010
P0456,Boat Jackets 456,Fashion,Jackets,Boat,32687.62,28426.76,10-06-2023,Active,1.64,19x16x4 cm,S002
P0457,Nike Watches 457,Fashion,Watches,Nike,40633.08,36484.86,01-06-2024,Discontinued,8.73,13x14x6 cm,S043
P0458,Bajaj Lighting 458,Home,Lighting,Bajaj,41146.13,35321.06,21-12-2024,Discontinued,3.75,9x10x5 cm,S018
P0459,Bajaj Jackets 459,Fashion,Jackets,Bajaj,34199.91,21506.32,22-05-2023,Discontinued,6.78,19x9x9 cm,S009
P0460,Sony Kitchenware 460,Home,Kitchenware,Sony,35516.58,23701.64,07-07-2024,Active,6.63,20x17x1 cm,S037
P0461,Apple Jackets 461,Fashion,Jackets,Apple,661.99,591.27,06-08-2023,Active,3.53,7x10x2 cm,S049
P0462,Bajaj Smartphones 462,Electronics,Smartphones,Bajaj,674.8,433.24,20-05-2025,Discontinued,9.42,9x8x1 cm,S001
P0463,Boat Furniture 463,Home,Furniture,Boat,23589.77,16137.55,08-04-2023,Active,7.08,20x12x1 cm,S022
P0464,Boat Shoes 464,Fashion,Shoes,Boat,6273.73,4723.57,10-09-2022,Discontinued,4.19,6x13x7 cm,S033
P0465,Adidas Smartphones 465,Electronics,Smartphones,Adidas,40749.32,32715.27,11-02-2024,Discontinued,9.32,17x17x1 cm,S036
P0466,Boat Lighting 466,Home,Lighting,Boat,28069.9,21821.69,03-01-2024,Active,2.57,18x5x10 cm,S025
P0467,Bajaj Laptops 467,Electronics,Laptops,Bajaj,26926.11,21479.76,27-02-2025,Discontinued,7.77,11x20x6 cm,S041
P0468,Adidas Smartphones 468,Electronics,Smartphones,Adidas,15723.45,9879.59,18-04-2024,Active,6.83,9x14x4 cm,S040
P0469,Samsung Kitchenware 469,Home,Kitchenware,Samsung,17750.15,15616.21,07-05-2025,Active,8.43,5x11x1 cm,S023
P0470,Tata Kitchenware 470,Home,Kitchenware,Tata,15595.37,13747.83,16-12-2023,Active,1.99,12x18x8 cm,S022
P0471,Samsung Lighting 471,Home,Lighting,Samsung,2366.36,1739.3,07-02-2024,Active,3.3,10x10x8 cm,S035
P0472,Bajaj Kitchenware 472,Home,Kitchenware,Bajaj,27408.75,19650.28,13-04-2024,Discontinued,2.74,20x12x9 cm,S043
P0473,Boat Shoes 473,Fashion,Shoes,Boat,38333.82,32206.49,08-04-2025,Active,5.92,15x17x4 cm,S031
P0474,Apple Furniture 474,Home,Furniture,Apple,3420.43,2861.52,25-05-2023,Discontinued,2.14,11x18x6 cm,S012
P0475,Sony Smartphones 475,Electronics,Smartphones,Sony,6585.55,4650.23,25-10-2024,Discontinued,9.67,6x13x1 cm,S042
P0476,Nike Lighting 476,Home,Lighting,Nike,49832.97,43850.03,20-05-2024,Active,1.57,16x7x2 cm,S017
P0477,Tata Laptops 477,Electronics,Laptops,Tata,3226.61,2105.93,14-10-2022,Discontinued,9.31,9x13x8 cm,S023
P0478,Bajaj Watches 478,Fashion,Watches,Bajaj,28590.3,23339.16,04-03-2025,Discontinued,2.2,18x16x8 cm,S031
P0479,Bajaj TV 479,Electronics,TV,Bajaj,17019.29,11761.99,02-04-2025,Active,4.31,15x8x8 cm,S009
P0480,Boat Smartphones 480,Electronics,Smartphones,Boat,24007.41,19714.08,18-04-2023,Discontinued,7.22,7x6x9 cm,S012
P0481,Adidas Kitchenware 481,Home,Kitchenware,Adidas,26678.25,17648.13,04-07-2024,Discontinued,9.43,11x12x4 cm,S022
P0482,Apple Laptops 482,Electronics,Laptops,Apple,42441.34,35582.91,25-09-2024,Active,6.02,15x12x3 cm,S035
P0483,Boat Watches 483,Fashion,Watches,Boat,28455.45,25191.86,01-01-2025,Active,2.42,19x11x6 cm,S039
P0484,Boat Lighting 484,Home,Lighting,Boat,12926.4,7855.69,08-12-2022,Active,8.57,14x5x7 cm,S047
P0485,Tata Lighting 485,Home,Lighting,Tata,11415.41,9436.57,06-08-2024,Active,9.11,7x8x6 cm,S026
P0486,Boat TV 486,Electronics,TV,Boat,6254.59,5107.65,11-09-2024,Active,9.2,20x10x4 cm,S010
P0487,Nike Furniture 487,Home,Furniture,Nike,35821.64,30869.52,20-06-2025,Active,3.68,11x17x5 cm,S012
P0488,Apple Watches 488,Fashion,Watches,Apple,27072.3,20154.9,14-04-2024,Discontinued,4.76,16x11x10 cm,S046
P0489,Apple Shoes 489,Fashion,Shoes,Apple,45637.25,28020.61,05-07-2023,Discontinued,1.36,9x19x8 cm,S010
P0490,Boat Watches 490,Fashion,Watches,Boat,17945.16,13625.77,07-11-2024,Discontinued,5.96,14x8x8 cm,S005
P0491,Tata Laptops 491,Electronics,Laptops,Tata,2794.95,2049.38,22-12-2023,Discontinued,6.69,9x12x8 cm,S025
P0492,Samsung Smartphones 492,Electronics,Smartphones,Samsung,21707.41,17187.19,25-06-2025,Active,8.51,7x15x1 cm,S019
P0493,Bajaj Kitchenware 493,Home,Kitchenware,Bajaj,43452.51,37822.83,16-05-2024,Active,9.81,18x6x8 cm,S026
P0494,Tata Smartphones 494,Electronics,Smartphones,Tata,24183.47,17720.21,12-03-2023,Discontinued,1.32,11x19x7 cm,S032
P0495,Nike Shoes 495,Fashion,Shoes,Nike,43119.66,29212.19,21-09-2023,Discontinued,1.91,17x6x10 cm,S042
P0496,Tata Shoes 496,Fashion,Shoes,Tata,26415.77,22626.24,14-12-2023,Active,2.62,12x10x2 cm,S004
P0497,Tata Shoes 497,Fashion,Shoes,Tata,41389.25,33737.48,15-07-2023,Active,0.78,19x13x8 cm,S031
P0498,Boat Kitchenware 498,Home,Kitchenware,Boat,27994.56,18018.02,28-02-2023,Active,9.83,11x15x4 cm,S003
P0499,Nike Smartphones 499,Electronics,Smartphones,Nike,27300.19,23505.75,17-02-2023,Active,6.25,15x13x7 cm,S028
